Path,IMAGEURL
0,https://encrypted-tbn0.gstatic.com/images?q=tbn:ANd9GcT2fjQuPtG82DYAUXN9VUpVIxMb1kk8Oqcs7MBEJ_2RXOClRPqH9YKEYh9MAQ&amp;s
270,https://encrypted-tbn0.gstatic.com/images?q=tbn:ANd9GcQ7xwN1ybd678bsrRprp-S7B8bLNYThTxOrLo77VxHS_Wge-s-idAl_0oYoTg&amp;s
,https://encrypted-tbn0.gstatic.com/images?q=tbn:ANd9GcRNmrcxdso70mpQ02zBHa_LbV_lHjabtjnzV1WKcZuSOfRRYQQbVV688Rq05mw&amp;s
,https://encrypted-tbn0.gstatic.com/images?q=tbn:ANd9GcRNmrcxdso70mpQ02zBHa_LbV_lHjabtjnzV1WKcZuSOfRRYQQbVV688Rq05mw&amp;s
,https://encrypted-tbn0.gstatic.com/images?q=tbn:ANd9GcSuXAlaZsf0k7AfuRdbVAzOCUy7M-JNUi8100yQbUJoQ_ZIlGG6MsroEAk5WnU&amp;s
,https://encrypted-tbn0.gstatic.com/images?q=tbn:ANd9GcSih9ozTD71QqMKw5CNB-llfJyYJ_WANbhMH6lhOvKdwP0oannkgHgDZ8a62b0&amp;s
,https://encrypted-tbn0.gstatic.com/images?q=tbn:ANd9GcRQps775qvEU-v92xNO_XYzRssNtJ015SHXauQLVW1a8tAC-XTZs9oYZ1KDNg&amp;s
,https://encrypted-tbn0.gstatic.com/images?q=tbn:ANd9GcQpK1sZjY5_kCx7j8IfdyTF1cUnoHIJ_XEazcZ5oicSgsvEPlenvJ2VwzcpCA&amp;s
,https://encrypted-tbn0.gstatic.com/images?q=tbn:ANd9GcQZ0Jh-Y02cSBC0RaVWFVbVqUlCAJjB1hztZxJFqpY9LBB0eOX-anYBN9YrDWQ&amp;s
,https://encrypted-tbn0.gstatic.com/images?q=tbn:ANd9GcSyuo0SuSHuRfcVKDAJf5A5VxsRd-MQhnkE2uFtEDN18mSXs-z0Gpfqtw-BTA&amp;s
,https://encrypted-tbn0.gstatic.com/images?q=tbn:ANd9GcRu6yYMUZimNH0v0UYjBjptZgpTG0nTmMAf3xPdSPlvpL_F1ZDE1yamajqv_3Q&amp;s
,https://encrypted-tbn0.gstatic.com/images?q=tbn:ANd9GcSxLvH-VeTlJZFsFeLOLIpaGV9oQc3h8IIVhlts3cailo77PYQag-y1h62fLA&amp;s
